Titulo;Estudio;Estado;Versiones;Precio;Clasificacion;Ano;Genero;Fecha de Publicacion de DVD;ID
Zootopia 2;Disney Animation+;No estrenada;1;1000;PG-13;2030;Aventura;17 de marzo de 2025;22222
Titulo;Estudio;Estado;Versiones;Precio;Clasificacion;Ano;Genero;Fecha de Publicacion de DVD;ID
Zootopia 2;Disney Animation+;No estrenada;1;1000;PG-13;2030;Aventura;17 de marzo de 2025;22222
Zootopia 2;Disney Animation+;No estrenada;1;1000;PG-13;2030;Aventura;17 de marzo de 2025;22222
Zootopia 2;Disney Animation+;No estrenada;1;1000;PG-13;2030;Aventura;17 de marzo de 2025;22222
!!!! Beat, Vol. 2: Shows 06 - 09;Bear Family;Fuera;4:03;125930,00;No Clasificado;N.A;M�sica;10/05/2005;61690
!!!! Beat, Vol. 4: Shows 14 - 17;Bear Family;Fuera;4:03;125930,00;No Clasificado;N.A;M�sica;12/07/2005;65695
!!!! Beat, Vol. 5: Shows 18 - 21;Bear Family;Fuera;4:03;125930,00;No Clasificado;N.A;M�sica;12/07/2005;65707
!!!! Beat, Vol. 6: Shows 22 - 26;Bear Family;Fuera;4:03;125930,00;No Clasificado;N.A;M�sica;12/07/2005;65757
!Hero: The Rock Opera: Live On Stage (2-Disc Collector's Edition);ForeFront Records;Descontinuada;4:03;69930,00;No Clasificado;N.A;M�sica;29/03/2005;60970
!K7 150;!K7;Fuera;4:03;41965,00;No Clasificado;N.A;M�sica;12/08/2003;31992
!Women Art Revolution;Zeitgeist;Fuera;LBX, 16:9;104965,00;No Clasificado;2010;Documental;20/03/2012;220757
#1 Latino Hits;BMG Music;Descontinuada;4:03;69930,00;No Clasificado;N.A;M�sica;19/11/2002;22659
#1 Serial Killer;Indican Pictures;Fuera;LBX, 16:9;87430,00;No Clasificado;2013;Horror;23/06/2015;276862
#EM3 [Eenie Meenie Miney Moe];Leomark Studios;Fuera;4:03;34825,00;No Clasificado;2013;Drama;19/05/2015;276799
#ReGeneration;Virgil Films and Entertainment;Descontinuada;LBX, 16:9;34965,00;No Clasificado;N.A;Documental;28/08/2012;228809
#struggles: Following Jesus In A Selfie-Centered World;Zondervan;Fuera;4:03;94465,00;No Clasificado;2015;Inter�s Especial;27/10/2015;282101
#struggles: Following Jesus In A Selfie-Centered World (Book w/ DVD);Zondervan;Fuera;4:03;129465,00;No Clasificado;2015;Inter�s Especial;10/11/2015;282100
$ [Dollars];Columbia/Tri-Star;Descontinuada;LBX, 16:9;69965,00;P�blico General;1971;Comedia;23/09/2008;141283
$100 & A T-shirt: A Documentary About Zines In Portland;Microcosm Publishing;Fuera;4:03;45465,00;No Clasificado;2004;Inter�s Especial;1/10/2004;221551
$100 & A T-Shirt: A Documentary About Zines In The Northwest;Microcosm Publishing;Fuera;4:03;45325,00;No Clasificado;2004;Documental;19/02/2008;126673
$5 A Day (Image/ Blu-ray);Image;Fuera;LBX, 16:9, BLU-RAY;62895,00;Apta para menores de 13;2008;Comedia;24/08/2010;170453
$5 A Day (Image/ Special Edition);Image;Fuera;LBX, 16:9;52430,00;Apta para menores de 13;2008;Comedia;24/08/2010;170430
$5 A Day (Paradox);Paradox;Fuera;LBX, 16:9;101325,00;Apta para menores de 13;2008;Comedia;26/01/2010;207433
$50,000 Reward;Alpha Video;Fuera;4:03;27930,00;No Clasificado;1924;Muda;29/06/2010;183168
$9.99;here! Films;Fuera;LBX, 16:9;52430,00;P�blico General;2008;Animada;23/02/2010;171063
$ellebrity;Random Media;Fuera;LBX, 16:9;87465,00;No Clasificado;2012;Documental;24/06/2014;261125
'68;Anchor Bay;Descontinuada;LBX, 16:9;69930,00;P�blico General;1988;Drama;16/04/2002;16814
'71 (w/ Digital Copy);Lions Gate;Fuera;LBX, 16:9;69930,00;P�blico General;2014;Acci�n/Aventura;7/07/2015;279376
'80s Comedies Spotlight Collection: The Breakfast Club / Sixteen Candles / Fast Times At Ridgemont High;Universal;Descontinuada;LBX, 16:9;52430,00;P�blico General;N.A;Comedia;6/03/2012;221655
'80s Rock;Hal Leonard;Fuera;4:03;52325,00;No Clasificado;N.A;Inter�s Especial;1/07/2006;131162
'80s: 20th Century Masters: Best Of DVD Collection (Limited Edition);Universal Music & Video;Descontinuada;4:03;27930,00;No Clasificado;2004;M�sica;8/06/2004;44880
'Elizabethtown (Paramount/ Pan & Scan);Paramount;Descontinuada;4:3 P&S;45465,00;Apta para menores de 13;2005;Comedia/Drama;7/02/2006;77525
'I Don't Have A Problem': The Path To Addiction;Sunburst Visual Media;Fuera;4:03;419825,00;No Clasificado;N.A;Inter�s Especial;1/09/2009;180491
'Let's Get A Pup!' Said Kate;Spoken Arts;Fuera;4:03;175000,00;No Clasificado;2001;Familia;11/04/2006;188536
'Neath Arizona Skies (American Pop Classics/ On Demand DVD-R);American Pop Classics;Fuera;4:03;38465,00;No Clasificado;1934;Oeste;24/01/2012;259853
'Neath Arizona Skies (Echo Bridge) / Border Caballero;Echo Bridge;Descontinuada;4:03;13965,00;No Clasificado;N.A;Oeste;3/10/2006;94725
'Neath Arizona Skies (Mr. Fat-W Video/ On Demand DVD-R);Mr. Fat-W Video;Fuera;4:03;52465,00;No Clasificado;1934;Oeste;12/09/2012;276692
'Neath Brooklyn Bridge (Mr. Fat-W Video/ On Demand DVD-R);Mr. Fat-W Video;Fuera;4:03;52465,00;No Clasificado;1942;Comedia;17/07/2014;277562
'Neath Brooklyn Bridge (Reel Enterprises);Reel Enterprises;Fuera;4:03;87465,00;No Clasificado;1942;Comedia;23/04/2007;152600
'Neath Canadian Skies;Alpha Video;Fuera;4:03;27930,00;No Clasificado;1946;Oeste;25/09/2012;235029
'Neath The Arizona Skies (Beverly Wilshire);Beverly Wilshire;Descontinuada;4:03;55930,00;No Clasificado;1934;Oeste;21/10/2003;143496
'Neath The Arizona Skies (Echo Bridge) / The Desert Trail;Echo Bridge;Descontinuada;4:03;13965,00;No Clasificado;N.A;Oeste;23/11/2010;195071
'night Mother;Universal;Fuera;4:03;52430,00;Apta para menores de 13;1986;Drama;3/08/2010;183558
'Til Death (2006): The Complete 3rd Season (On Demand DVD-R);Sony Pictures;Fuera;LBX, 16:9;136465,00;No Clasificado;2008;TV Classics;17/11/2015;285329
'Til Death Do Us Part (2006): The Complete 1st Season;BCI Eclipse / Brentwood;Descontinuada;4:03;104930,00;No Clasificado;2006;TV Classics;1/07/2008;135025
'Til Death Do Us Part (2008);Pathfinder;Descontinuada;4:03;69930,00;No Clasificado;2008;Documental;1/07/2008;131022
'Til The River Runs Clear;PBS;Fuera;4:03;52465,00;No Clasificado;2007;Documental;31/07/2007;114237
'Til There Was You;Paramount;Descontinuada;LBX, 16:9;69965,00;Apta para menores de 13;1997;Comedia;11/12/2001;14189
'Til There Was You (Checkpoint);Paramount;Descontinuada;LBX, 16:9;104965,00;Apta para menores de 13;1997;Comedia;11/12/2001;56906
'Tis Autumn: The Search For Jackie Paris (Special Edition);Outsider Pictures;Fuera;LBX;69965,00;No Clasificado;2006;Documental;31/03/2009;155503
'WOW' Factor;Healthy Learning;Descontinuada;4:03;174825,00;No Clasificado;2007;Deportes;18/12/2007;127590
*Batteries Not Included;Universal;Fuera;LBX, 16:9;20930,00;P�blico General;1987;SciFi;16/03/1999;531
*Batteries Not Included (Blu-ray);Universal;Pendiente;LBX, 16:9, BLU-RAY;52430,00;P�blico General;1987;SciFi;8/03/2016;286704
*NSYNC: *N The Mix;BMG Music;Descontinuada;4:03;48930,00;No Clasificado;1999;M�sica;24/08/1999;4300
*NSYNC: Greatest Hits (DVD/CD Combo);BMG Music;Descontinuada;4:03;115430,00;No Clasificado;N.A;M�sica;13/12/2005;112029
*NSYNC: Live At Madison Square Garden;BMG Music;Fuera;4:03;41930,00;No Clasificado;2000;M�sica;21/11/2000;8580
*NSYNC: Making Of The Tour;BMG Music;Descontinuada;4:03;52430,00;No Clasificado;2000;M�sica;13/02/2001;9206
*NSYNC: Most Requested Hit Videos;BMG Music;Descontinuada;4:03;41930,00;No Clasificado;N.A;M�sica;10/12/2002;23532
*NSYNC: Never Enough: Unauthorized Biography;Music Video Distributors;Descontinuada;4:03;34930,00;No Clasificado;1998;M�sica;15/08/2002;24029
*NSYNC: No Strings Attached;BMG Music;Cancelada;4:03;87430,00;No Clasificado;1999;M�sica;22/06/1999;4301
*NSYNC: PopOdyssey Live;BMG Music;Fuera;4:03;41930,00;No Clasificado;2001;M�sica;23/04/2002;14510
*NSYNC: The Reel *NSYNC;Trauma Records;Fuera;4:03;34930,00;No Clasificado;1998;M�sica;22/10/2002;21367
*S,C,P,F...: Nine Years One Month And A Few Days In The Life Of An Advertising Agency Called (Book w/ DVD);ActarBirkhauser;Descontinuada;4:03;252000,00;No Clasificado;2006;Inter�s Especial;30/12/2006;264598
1;IFC;Fuera;LBX, 16:9;87430,00;No Clasificado;2013;SciFi;14/01/2014;254688
... And God Spoke;Artisan;Fuera;4:03;52430,00;P�blico General;1993;Comedia;22/07/2003;28556
... And Justice For All (Columbia/Tri-Star);Columbia/Tri-Star;Descontinuada;4:3 P&S, LBX, 16:9;34825,00;P�blico General;1979;Miedo;16/01/2001;9311
... And Justice For All (Image);Image;Fuera;LBX, 16:9;34930,00;P�blico General;1979;Miedo;7/12/2010;191031
... And Justice For All (Image/ Blu-ray);Image;Fuera;LBX, 16:9, BLU-RAY;62895,00;P�blico General;1979;Drama;5/04/2011;197926
... And Justice For All (Image/ Special Edition);Image;Fuera;LBX, 16:9;52430,00;P�blico General;1979;Miedo;7/12/2010;190963
... And Justice For All (Sony Pictures/ Special Edition);Sony Pictures;Descontinuada;LBX, 16:9;52290,00;P�blico General;1979;Miedo;11/03/2008;128772
.357: 6 Bullets Marked For Revenge;R2 Films;Fuera;LBX, 16:9;52325,00;No Clasificado;2013;Acci�n/Aventura;25/03/2014;258698
.38 Special: 20th Century Masters: Best Of DVD Collection;Universal Music & Video;Descontinuada;4:03;27930,00;No Clasificado;2004;M�sica;20/04/2004;42639
.38 Special: 20th Century Masters: Best Of DVD Collection (Limited Edition);Universal Music & Video;Descontinuada;4:03;27930,00;No Clasificado;2004;M�sica;20/04/2004;42565
.38 Special: Live (DVD/CD Combo);BMG Music;Fuera;4:03;52325,00;No Clasificado;N.A;M�sica;28/08/2007;123164
.38 Special: Live At Sturgis (5.1 Entertainment/ Audio-Only DVD);5.1 Entertainment;Descontinuada;4:03;69930,00;No Clasificado;1999;M�sica;4/06/2002;118501
.38 Special: Live At Sturgis (Sanctuary Records);Sanctuary Records;Descontinuada;4:03;69930,00;No Clasificado;1999;M�sica;15/05/2007;110149
.38 Special: Live At Sturgis (Sanctuary Records/ Old Version);Sanctuary Records;Descontinuada;4:03;52430,00;No Clasificado;1999;M�sica;14/12/1999;33
.38 Special: Live At Sturgis (Silverline/ DualDisc);Silverline;Descontinuada;4:3, DUALDISC;66430,00;No Clasificado;1999;M�sica;16/11/2004;86254
.44 Magnum Test;Lenny Magill Productions;Fuera;4:03;87325,00;No Clasificado;N.A;Inter�s Especial;1/10/2003;99933
.45;THINKFilm;Descontinuada;LBX;34930,00;P�blico General;2006;Drama;24/04/2007;102441
.Com For Murder;Image;Descontinuada;LBX, 16:9;34965,00;No Clasificado;2001;Mysterio/Suspenso;14/01/2003;22972
.hack//G.U. Trilogy (Bandai Entertainment);Bandai Entertainment;Descontinuada;4:03;69930,00;Apta para mayores de 13;2008;Anime;18/08/2009;162299
.hack//G.U. Trilogy (FUNimation);FUNimation;Fuera;4:03;104930,00;No Clasificado;2007;Anime;21/07/2015;278048
.hack//Legend Of The Twilight (Bandai Entertainment) 1 - 3: Complete Collection;Bandai Entertainment;Descontinuada;4:03;139930,00;Apta para mayores de 13;2003;Anime;12/09/2006;89904
.hack//Legend Of The Twilight (Bandai Entertainment) 1: A New World;Bandai Entertainment;Descontinuada;4:03;104930,00;Apta para mayores de 13;2003;Anime;25/05/2004;40673
.hack//Legend Of The Twilight (Bandai Entertainment) 1: A New World (Limited Edition Collector's Art Box/ DVD/CD Combo);Bandai Entertainment;Descontinuada;4:03;174930,00;Apta para mayores de 13;2003;Anime;25/05/2004;40660
.hack//Legend Of The Twilight (Bandai Entertainment) 2: Enter The Nightmare;Bandai Entertainment;Descontinuada;4:03;104930,00;Apta para mayores de 13;2003;Anime;27/07/2004;43699
.hack//Legend Of The Twilight (Bandai Entertainment) 3: Endgame;Bandai Entertainment;Descontinuada;4:03;104930,00;Apta para mayores de 13;2003;Anime;28/09/2004;46917
.hack//Legend Of The Twilight: The Complete Series;FUNimation;Fuera;4:03;139930,00;Apta para mayores de 13;2003;Anime;7/04/2015;275151
.hack//Quantum: Complete OVA Series (DVD & Blu-ray Combo);FUNimation;Fuera;LBX, 16:9, BLU-RAY;69930,00;Apta para mayores de 13;2010;Anime;14/02/2012;219336
.hack//ROOTS (Bandai Entertainment) #1;Bandai Entertainment;Descontinuada;LBX, 16:9;87430,00;Apta para mayores de 13;2006;Anime;17/04/2007;102678
.hack//ROOTS (Bandai Entertainment) #1 (DVD/CD Combo w/ T-Shirt/ Original Soundtrack/ Video Game Demo/ Art Box);Bandai Entertainment;Descontinuada;LBX, 16:9;209930,00;Apta para mayores de 13;2006;Anime;17/04/2007;102696
.hack//ROOTS (Bandai Entertainment) #2;Bandai Entertainment;Descontinuada;LBX, 16:9;87430,00;Apta para mayores de 13;2006;Anime;5/06/2007;109153
.hack//ROOTS (Bandai Entertainment) #3;Bandai Entertainment;Descontinuada;LBX, 16:9;87430,00;Apta para mayores de 13;2006;Anime;7/08/2007;113964
.hack//ROOTS (Bandai Entertainment) #3 (Special Edition w/ MP3 Case);Bandai Entertainment;Descontinuada;LBX, 16:9;139930,00;Apta para mayores de 13;2006;Anime;7/08/2007;113986
.hack//ROOTS (Bandai Entertainment) #4;Bandai Entertainment;Descontinuada;LBX, 16:9;87430,00;Apta para mayores de 13;2006;Anime;2/10/2007;117778
.hack//ROOTS (Bandai Entertainment) #5;Bandai Entertainment;Descontinuada;LBX, 16:9;87430,00;Apta para mayores de 13;2006;Anime;4/12/2007;124100
.hack//ROOTS (Bandai Entertainment) #6;Bandai Entertainment;Descontinuada;LBX, 16:9;87430,00;Apta para mayores de 13;2006;Anime;5/02/2008;127392
.hack//ROOTS (Bandai Entertainment) #6 (Special Edition/ DVD/CD Combo);Bandai Entertainment;Descontinuada;LBX, 16:9;122430,00;Apta para mayores de 13;2006;Anime;5/02/2008;127383
.hack//ROOTS (FUNimation): The Complete Collection;FUNimation;Fuera;LBX, 16:9;139930,00;Apta para mayores de 13;2006;Anime;19/05/2015;276126
.hack//SIGN 1: Login;Bandai Entertainment;Descontinuada;LBX, 16:9;104930,00;Apta para mayores de 13;2002;Anime;2/03/2004;40382
.hack//SIGN 1: Login (Limited Edition w/ Collector's Box);Bandai Entertainment;Descontinuada;LBX, 16:9;227430,00;Apta para mayores de 13;2002;Anime;4/03/2003;25928
.hack//SIGN 1: Login (Old Version);Bandai Entertainment;Descontinuada;LBX, 16:9;104930,00;Apta para mayores de 13;2002;Anime;4/03/2003;26061
.hack//SIGN 2: Outcast;Bandai Entertainment;Descontinuada;LBX, 16:9;104930,00;Apta para mayores de 13;2002;Anime;2/03/2004;40463
.hack//SIGN 2: Outcast (Limited Edition);Bandai Entertainment;Descontinuada;LBX, 16:9;139930,00;Apta para mayores de 13;2002;Anime;20/05/2003;25577
.hack//SIGN 2: Outcast (Old Version);Bandai Entertainment;Descontinuada;LBX, 16:9;104930,00;Apta para mayores de 13;2002;Anime;20/05/2003;28716
.hack//SIGN 3: Gestalt;Bandai Entertainment;Descontinuada;LBX, 16:9;104930,00;Apta para mayores de 13;2002;Anime;2/03/2004;40417
.hack//SIGN 3: Gestalt (Limited Edition);Bandai Entertainment;Descontinuada;LBX, 16:9;139930,00;Apta para mayores de 13;2002;Anime;8/07/2003;30488
.hack//SIGN 3: Gestalt (Old Version);Bandai Entertainment;Descontinuada;LBX, 16:9;104930,00;Apta para mayores de 13;2002;Anime;15/07/2003;30729
.hack//SIGN 4: Omnipotence;Bandai Entertainment;Descontinuada;LBX, 16:9;104930,00;Apta para mayores de 13;2002;Anime;2/03/2004;40407
.hack//SIGN 4: Omnipotence (Limited Edition);Bandai Entertainment;Descontinuada;LBX, 16:9;139930,00;Apta para mayores de 13;2002;Anime;2/09/2003;29756
.hack//SIGN 4: Omnipotence (Old Version);Bandai Entertainment;Descontinuada;LBX, 16:9;104930,00;Apta para mayores de 13;2002;Anime;16/09/2003;30575
.hack//SIGN 5: Uncovered;Bandai Entertainment;Descontinuada;LBX, 16:9;104930,00;Apta para mayores de 13;2002;Anime;2/03/2004;40440
.hack//SIGN 5: Uncovered (Limited Edition);Bandai Entertainment;Descontinuada;LBX, 16:9;139930,00;Apta para mayores de 13;2002;Anime;18/11/2003;32334
.hack//SIGN 5: Uncovered (Old Version);Bandai Entertainment;Descontinuada;LBX, 16:9;104930,00;Apta para mayores de 13;2002;Anime;18/11/2003;33151
.hack//SIGN 6: Terminus;Bandai Entertainment;Descontinuada;LBX, 16:9;104930,00;Apta para mayores de 13;2002;Anime;2/03/2004;38073
.hack//SIGN 6: Terminus (Limited Edition);Bandai Entertainment;Descontinuada;LBX, 16:9;122430,00;Apta para mayores de 13;2002;Anime;2/03/2004;38782
.hack//SIGN: Complete Collection;Bandai Entertainment;Descontinuada;LBX, 16:9;524930,00;Apta para mayores de 13;2002;Anime;26/10/2004;49013
.hack//SIGN: Complete Collection (Anime Legends Edition);Bandai Entertainment;Descontinuada;LBX, 16:9;174930,00;Apta para mayores de 13;2002;Anime;22/08/2006;86319
.hack//SIGN: Complete Series;FUNimation;Fuera;LBX, 16:9;139930,00;Apta para mayores de 13;2002;Anime;24/02/2015;273483
:08 Minute Abs / :08 Minute Arms;United American;Descontinuada;4:03;34965,00;No Clasificado;1994;Deportes;25/09/2001;8110
:08 Minute Abs, Arms, Buns, Legs (2-Pack);United American;Descontinuada;4:03;45465,00;No Clasificado;1994;Documental;26/09/2001;10618
:08 Minute Abs, Arms, Buns, Legs (4-Pack);United American;Descontinuada;4:03;45465,00;No Clasificado;N.A;Deportes;1/01/2003;25010
:08 Minute Buns / :08 Minute Legs;United American;Descontinuada;4:03;45465,00;No Clasificado;1994;Deportes;25/09/2001;8109
:08 Minute Core Workouts: Abs Arms Thighs Buns;BayView Films;Fuera;4:03;45465,00;No Clasificado;N.A;Deportes;6/02/2007;101696
:08 Minute Pilates: Basic Intermediate & Advanced;BayView Films;Fuera;4:03;45465,00;No Clasificado;N.A;Deportes;6/02/2007;101612
>bt: The Brain Terminal Video Set;CustomFlix;Fuera;4:03;76965,00;No Clasificado;N.A;Inter�s Especial;1/01/2004;89619
@home Idol: Moe Takahashi;Studio Happy Chicken;Fuera;4:03;34825,00;P�blico General;2011;Er�ticas;19/06/2012;227099
@Home Idol: Moe Takahashi (Blu-ray);Studio Happy Chicken;Fuera;LBX, 16:9, BLU-RAY;52325,00;P�blico General;2011;Er�ticas;24/07/2012;229807
[500] Days Of Summer;Fox;Fuera;LBX, 16:9;24430,00;Apta para menores de 13;2009;Comedia;22/12/2009;170045
[500] Days Of Summer (Blu-ray);Fox;Descontinuada;LBX, 16:9, BLU-RAY;41965,00;Apta para menores de 13;2009;Comedia;22/12/2009;170042
[500] Days Of Summer (Blu-ray) / My Life In Ruins (Blu-ray);Fox;Descontinuada;LBX, 16:9, BLU-RAY;69965,00;Apta para menores de 13;2009;Comedia;4/09/2012;231430
[500] Days Of Summer (Blu-ray/ Rental Ready);Fox;Descontinuada;LBX, 16:9, BLU-RAY;139965,00;Apta para menores de 13;2009;Comedia;22/12/2009;169609
[500] Days Of Summer (En Espanol);Fox;Fuera;LBX, 16:9;24430,00;Apta para menores de 13;2009;Comedia;25/03/2014;259401
[500] Days Of Summer (Rental Ready);Fox;Descontinuada;LBX, 16:9;104930,00;Apta para menores de 13;2009;Comedia;22/12/2009;169687
[ah-MIG-dah-la];Razor Digital Entertainment;Descontinuada;4:03;52430,00;No Clasificado;N.A;Inter�s Especial;5/10/2004;44808
[hed] p.e.: DIY Guys;Suburban Noize Records;Fuera;4:03;59430,00;No Clasificado;2007;M�sica;8/07/2008;128602
[New] 3 Stooges, Vol. 1: Baby Sitters / The Bigger They Are, The Harder They Hit / Boobs In The Woods / Call Of The Wile / ...;Television Classics;Fuera;4:03;5215,00;No Clasificado;N.A;Animada;1/01/2004;58421
[Rec] 2;Sony Pictures;Fuera;LBX, 16:9;52465,00;P�blico General;2009;Horror;12/07/2011;205979
[Rec] 4: Apocalypse;Sony Pictures;Fuera;LBX, 16:9;73325,00;P�blico General;2014;Horror;14/04/2015;277475
[Untitled];Screen Media Films;Fuera;LBX;52430,00;P�blico General;2009;Comedia;21/09/2010;184784
[Untitled] (Blu-ray);Screen Media Films;Fuera;LBX, 16:9, BLU-RAY;52430,00;P�blico General;2009;Comedia;21/09/2010;184813
007: The Daniel Craig Collection: Casino Royale / Quantum Of Solace / Skyfall;MGM/UA;Fuera;LBX, 16:9;87430,00;Apta para menores de 13;N.A;Acci�n/Aventura;15/09/2015;282273
007: The Daniel Craig Collection: Casino Royale / Quantum Of Solace / Skyfall (Blu-ray w/ Digital Copy);MGM/UA;Fuera;LBX, 16:9, BLU-RAY;104965,00;Apta para menores de 13;N.A;Acci�n/Aventura;15/09/2015;282368
007: The George Lazenby Collection: On Her Majesty's Secret Service / James Bond;MGM/UA;Fuera;LBX, 16:9;34930,00;No Clasificado;N.A;Acci�n/Aventura;15/09/2015;282109
007: The George Lazenby Collection: On Her Majesty's Secret Service / James Bond (Blu-ray w/ Digital Copy);MGM/UA;Fuera;LBX, 16:9, BLU-RAY;59465,00;No Clasificado;N.A;Acci�n/Aventura;15/09/2015;282105
007: The Pierce Brosnan Collection: Die Another Day / Goldeneye / The World Is Not Enough;MGM/UA;Fuera;LBX, 16:9;87430,00;Apta para menores de 13;N.A;Acci�n/Aventura;15/09/2015;282279
007: The Pierce Brosnan Collection: Die Another Day / Goldeneye / The World Is Not Enough (Blu-ray w/ Digital Copy);MGM/UA;Fuera;LBX, 16:9, BLU-RAY;104965,00;Apta para menores de 13;N.A;Acci�n/Aventura;15/09/2015;282326
007: The Roger Moore Collection, Vol. 1: Live And Let Die / Man With The Golden Gun / Spy Who Loved Me;MGM/UA;Fuera;LBX, 16:9;87430,00;P�blico General;N.A;Acci�n/Aventura;15/09/2015;282282
007: The Roger Moore Collection, Vol. 1: Live And Let Die / Man With The Golden Gun / Spy Who Loved Me (Blu-ray w/ Digital Copy);MGM/UA;Fuera;LBX, 16:9, BLU-RAY;104965,00;P�blico General;N.A;Acci�n/Aventura;15/09/2015;282359
007: The Roger Moore Collection, Vol. 2: For Your Eyes Only / Moonraker / Octopussy;MGM/UA;Fuera;LBX, 16:9;87430,00;P�blico General;N.A;Acci�n/Aventura;15/09/2015;282312
007: The Roger Moore Collection, Vol. 2: For Your Eyes Only / Moonraker / Octopussy (Blu-ray w/ Digital Copy);MGM/UA;Fuera;LBX, 16:9, BLU-RAY;104965,00;P�blico General;N.A;Acci�n/Aventura;15/09/2015;282336
007: The Sean Connery Collection, Vol. 1;MGM/UA;Fuera;LBX, 16:9;87430,00;P�blico General;N.A;Acci�n/Aventura;15/09/2015;282317
007: The Sean Connery Collection, Vol. 1 (Blu-ray w/ Digital Copy);MGM/UA;Fuera;LBX, 16:9, BLU-RAY;104965,00;P�blico General;N.A;Acci�n/Aventura;15/09/2015;282345
007: The Sean Connery Collection, Vol. 2;MGM/UA;Fuera;LBX, 16:9;87430,00;P�blico General;N.A;Acci�n/Aventura;15/09/2015;282289
007: The Sean Connery Collection, Vol. 2 (Blu-ray w/ Digital Copy);MGM/UA;Fuera;LBX, 16:9, BLU-RAY;104965,00;P�blico General;N.A;Acci�n/Aventura;15/09/2015;282339
007: The Timothy Dalton Collection: The Living Daylights / Licence To Kill;MGM/UA;Fuera;LBX, 16:9;52430,00;P�blico General;N.A;Acci�n/Aventura;15/09/2015;282107
007: The Timothy Dalton Collection: The Living Daylights / License To Kill (Blu-ray);MGM/UA;Fuera;LBX, 16:9, BLU-RAY;87465,00;P�blico General;N.A;Acci�n/Aventura;15/09/2015;282106
009 Re:Cyborg Anime Movie (Blu-ray);FUNimation;Fuera;LBX, 16:9, BLU-RAY;122430,00;Apta para mayores de 13;2012;Anime;28/07/2015;278937
009-1 (A.D. Vision) #1;A.D. Vision;Descontinuada;LBX, 16:9;104930,00;Apta para mayores de 13;2006;Anime;19/06/2007;108347
009-1 (A.D. Vision) #2;A.D. Vision;Descontinuada;LBX, 16:9;104930,00;Apta para mayores de 13;2006;Anime;21/08/2007;113766
009-1 (A.D. Vision) #2 (w/ Art Box);A.D. Vision;Descontinuada;LBX, 16:9;139930,00;Apta para mayores de 13;2006;Anime;21/08/2007;113763
009-1 (A.D. Vision) #3;A.D. Vision;Descontinuada;LBX, 16:9;104930,00;Apta para mayores de 13;2006;Anime;16/10/2007;119254
009-1 (FUNimation): The Complete Collection;FUNimation;Descontinuada;LBX, 16:9;174930,00;Apta para mayores de 17;2006;Anime;20/01/2009;149184
009-1 (FUNimation): The Complete Collection (Super Amazing Value Edition);FUNimation;Descontinuada;LBX, 16:9;69930,00;Apta para mayores de 17;2006;Anime;13/07/2010;181788
009-1 (FUNimation): The Complete Collection (The Viridian Collection);FUNimation;Cancelada;LBX, 16:9;104930,00;Apta para mayores de 17;2006;Anime;15/09/2009;164153
009-1: The End Of The Beginning;Tokyo Shock;Fuera;LBX, 16:9;69930,00;No Clasificado;2013;Interculturales;10/03/2015;267769
02 In H2O: A Self-Help Course On Breathing In Swimming With Terry Laughlin;Total Immersion;Fuera;4:03;104965,00;No Clasificado;N.A;Inter�s Especial;8/04/2008;131168
0506HK;Ying E Chi;Fuera;4:03;69825,00;No Clasificado;2007;Documental;13/10/2009;165882
08 Min Core Workouts;Sterling Entertainment;Descontinuada;4:03;52465,00;No Clasificado;N.A;Deportes;3/01/2006;77215
08 Min Fitness;Sterling Entertainment;Descontinuada;4:03;52465,00;No Clasificado;N.A;Deportes;3/01/2006;77199
08 Min Pilates;Sterling Entertainment;Descontinuada;4:03;52465,00;No Clasificado;N.A;Deportes;3/01/2006;77219
08 Min. Workout: Arms, Abs, Buns, Legs;United American;Descontinuada;4:03;52465,00;No Clasificado;N.A;Deportes;22/10/2003;53654
1 + 1: A Natural History Of Sexuality;Films for the Humanities ...;Descontinuada;4:03;594825,00;No Clasificado;N.A;Inter�s Especial;26/10/2010;208553
1 2 3;Tapeworm;Descontinuada;4:03;69825,00;No Clasificado;2003;Comedia;21/09/2004;50944
1 A Minute;UniGlobe Entertainment;Fuera;4:03;87430,00;No Clasificado;2010;Documental;8/02/2011;192204
1 Chance 2 Dance;Monarch;Fuera;LBX, 16:9;34965,00;No Clasificado;2014;Drama;29/07/2014;264473
1 Dead Party;R2 Films;Fuera;4:03;52325,00;No Clasificado;2013;Comedia;21/10/2014;268006
1 Giant Leap;Palm Pictures;Descontinuada;4:03;94395,00;No Clasificado;2002;M�sica;10/09/2002;20130
1 In The Gun;MTI;Fuera;LBX;87325,00;No Clasificado;2010;Suspenso/Miedo;8/11/2011;212923
1 Last Chance At Paradise;World Wide Multi Media;Fuera;4:03;69825,00;No Clasificado;2014;Drama;17/06/2014;262853
1 Love;Paramount;Fuera;LBX;24465,00;P�blico General;2003;Drama;2/12/2003;33003
1 Love (Checkpoint);Paramount;Fuera;LBX;104965,00;P�blico General;2003;Drama;2/12/2003;56919
1 Message;EchoLight Studios;Fuera;4:03;80430,00;No Clasificado;2011;Drama;25/09/2012;229912
1 Mile Above (Archive Collection/ On Demand DVD-R);Warner Brothers Digital Dist.;Fuera;LBX, 16:9;62965,00;No Clasificado;2011;Interculturales;28/08/2013;253738
1 To 1: Infant Massage And Development;CustomFlix;Fuera;4:03;87465,00;No Clasificado;N.A;Inter�s Especial;1/01/2004;89593
1+1: Exploring The Kinsey Reports;Alpha Video;Fuera;4:03;27930,00;No Clasificado;1961;Drama;31/12/2013;257741
1, 2, 3 Soleils (Ark 21);Ark 21;Descontinuada;LBX;69930,00;No Clasificado;N.A;M�sica;25/02/2003;25746
1, 2, 3 Soleils (Wrasse Records/ DVD/CD Combo);Wrasse Records;Descontinuada;4:03;87430,00;No Clasificado;N.A;M�sica;21/02/2006;113176
1, 2, 3, Whiteout: The End Of The Light Age (DVD/CD Combo);Film Baby;Fuera;4:03;59465,00;No Clasificado;N.A;Documental;27/01/2009;154252
1,000 Times Good Night;Film Movement;Fuera;LBX, 16:9;87325,00;No Clasificado;2013;Interculturales;23/12/2014;271643
1,000 Times More Brutal;Green Apple Entertainment;Fuera;4:03;94430,00;No Clasificado;2012;Drama;21/08/2012;227987
1,000 Words To Sign (Book w/ DVD);Thunder Bay Press;Fuera;4:03;87325,00;No Clasificado;2010;Inter�s Especial;15/10/2010;193733
1,001 Classic Commercials;Mill Creek Entertainment;Fuera;4:03;52430,00;No Clasificado;N.A;TV Classics;12/04/2011;203141
1-2-2 Press Breaks;Coaches Choice;Fuera;4:03;140000,00;No Clasificado;2009;Inter�s Especial;23/06/2009;161677
1-2-3 Family Tree: The Fastest Way To Create And Grow Your Family Tree (Book w/ DVD);MyFamily.com;Fuera;4:03;139825,00;No Clasificado;2007;Inter�s Especial;1/09/2007;203056
1-2-3 Magic;ParentMagic;Fuera;4:03;139825,00;No Clasificado;N.A;Inter�s Especial;12/08/2008;170791
1-2-3 Magic For Teachers: Effective Classroom Discipline Pre-K Through Grade 8;ParentMagic;Fuera;4:03;139825,00;No Clasificado;2010;Inter�s Especial;1/09/2010;179545
1-2-3 Magic: Managing Difficult Behavior In Children 2-12;Child Management;Fuera;4:03;139825,00;No Clasificado;N.A;Inter�s Especial;18/01/2005;58340
1-2-3 Tap With Miss Anita;2 Degrees Productions;Descontinuada;4:03;52465,00;No Clasificado;N.A;Inter�s Especial;10/12/2003;126223
1-3-1 Half-Court Trap;Coaches Choice;Descontinuada;4:03;140000,00;No Clasificado;N.A;Inter�s Especial;30/01/2007;100019
1-4 High Offense;Coaches Choice;Descontinuada;4:03;140000,00;No Clasificado;2007;Inter�s Especial;30/01/2007;100414
1-900 (1994);Fox Lorber;Descontinuada;LBX;69930,00;P�blico General;1994;Interculturales;25/01/2000;1
1. Online-Symposium CKD-MBD;Springer Verlag;Fuera;4:03;34825,00;No Clasificado;2011;Inter�s Especial;12/12/2011;210096
1/2 Revolution;Virgil Films and Entertainment;Descontinuada;LBX, 16:9;34965,00;No Clasificado;2011;Documental;24/09/2013;249499
1/3 [One Third];Kino;Fuera;LBX;104825,00;No Clasificado;2006;Suspenso/Miedo;5/06/2007;106148
1: Life On The Limit;Millennium Media Services;Fuera;LBX, 16:9;69965,00;No Clasificado;2014;Documental;28/01/2014;255971
1: Life On The Limit (Blu-ray);Millennium Media Services;Fuera;LBX, 16:9, BLU-RAY;87465,00;No Clasificado;2014;Documental;28/01/2014;256003
10;Warner Brothers;Fuera;4:3 P&S, LBX, 16:9;20895,00;P�blico General;1979;Comedia;9/11/2010;190648
10 (Blu-ray);Warner Brothers;Fuera;LBX, 16:9, BLU-RAY;52430,00;P�blico General;1979;Comedia;1/02/2011;191286
10 (Snapper Case);Warner Brothers;Descontinuada;4:3 P&S, LBX, 16:9;34895,00;P�blico General;1979;Comedia;3/09/1997;2
10 Action Films, Vol. 9: Tusks / The Reluctant Heroes / Ed McBain's 87th Precinct: Heatwave / RX / Ice / Silver Hawk / ...;Echo Bridge;Fuera;VAR;52465,00;P�blico General;N.A;Acci�n/Aventura;14/10/2014;268924
10 Action Movies, Vol. 10: Con Games / The Eliminator / Airborne (1998) / Tunnel Vision / Men With Guns / Crash Dive / ...;Echo Bridge;Fuera;4:03;52465,00;P�blico General;N.A;Acci�n/Aventura;14/10/2014;268936
10 American Horror Stories, Vol. 2: Bay Coven / Grave Secrets: The Legacy Of Hilltop Drive / Midnight's Child / Hurt / ...;Echo Bridge;Descontinuada;4:03;52465,00;P�blico General;N.A;Horror;9/09/2014;266546
10 Attitudes;Culture Q Connection;Fuera;4:03;69825,00;No Clasificado;2001;Er�ticas;23/11/2004;49831
10 Basics Of Business Etiquette;Films for the Humanities ...;Descontinuada;4:03;279825,00;No Clasificado;N.A;Inter�s Especial;28/09/2010;208797
10 Best Fitness: 10 Movie Set: Kick Butt / Yogasize / Fat Burners / Body Focus / Jazzthetics / Tai Fit / ...;BCI Eclipse / Brentwood;Descontinuada;4:03;69930,00;No Clasificado;N.A;Deportes;22/10/2002;21424
10 Best Nude Models;Frazier Photography and Video;Fuera;4:03;69825,00;No Clasificado;N.A;Er�ticas;1/01/2005;182384
10 Blondie Features With Bonus Cartoons;Echo Bridge;Fuera;4:03;52465,00;No Clasificado;N.A;TV Classics;4/11/2014;269211
10 Brothers Of Shaolin;Venom Mob Film;Descontinuada;4:03;52430,00;No Clasificado;1979;Acci�n/Aventura;9/03/2004;39062
10 Buildings That Changed America;PBS;Fuera;LBX, 16:9;87465,00;No Clasificado;2013;Documental;14/05/2013;244930
10 Cent Pistol;Phase 4 Films;Fuera;LBX, 16:9;69930,00;No Clasificado;2014;Acci�n/Aventura;18/08/2015;280127
10 Citas Extraordinarias Para Vigorizar Su Matrimonio;Vida;Fuera;4:03;52465,00;No Clasificado;2009;Inter�s Especial;1/02/2009;205281
10 Conditions Of Love: Defying Chinese Domination Of Her Homeland;Alexander Street Press;Fuera;4:03;1032500,00;No Clasificado;2009;Documental;17/09/2013;254235
10 Crunchy Carrots;Hug Bug Music;Fuera;4:03;55965,00;No Clasificado;N.A;Familia;1/09/2005;96603
10 Days = Wife: Love Translated;Passion River;Fuera;LBX, 16:9;87325,00;No Clasificado;2010;Documental;28/08/2012;229071
10 Days Out: Blues From The Backroad (DVD/CD Combo);Warner Music;Fuera;4:03;87430,00;No Clasificado;2007;M�sica;23/01/2007;120205
10 Dead Men;MTI;Fuera;LBX;87325,00;No Clasificado;2007;Acci�n/Aventura;27/01/2009;148606
10 Documentaries: Big Battles Of WWII, Vol. 1: Pearl Harbor: A Day Of Infamy / Battle Of Berlin: Death Of A City / ...;Echo Bridge;Fuera;4:03;34965,00;No Clasificado;N.A;Documental;14/02/2012;285328
10 Durangazos En Vivo;Disa Records;Descontinuada;4:03;34930,00;No Clasificado;N.A;M�sica;3/06/2008;137009
10 Easy Lessons Bar Chords (w/ Booklet);Music, Books & Business;Descontinuada;4:03;62825,00;No Clasificado;N.A;Inter�s Especial;7/01/2003;131245
10 Easy Lessons Bass (Book w/ DVD);10 Easy Lessons;Fuera;4:03;69825,00;No Clasificado;2003;Inter�s Especial;1/06/2003;260705
10 Easy Lessons Bass (w/ Booklet);Music, Books & Business;Descontinuada;4:03;62825,00;No Clasificado;N.A;Inter�s Especial;7/01/2003;131370
10 Easy Lessons Blues Guitar (w/ Booklet);Music, Books & Business;Descontinuada;4:03;62825,00;No Clasificado;N.A;Inter�s Especial;7/01/2003;131341
10 Easy Lessons Blues Harmonica (2000/ Book w/ DVD);10 Easy Lessons;Descontinuada;4:03;69825,00;No Clasificado;2000;Inter�s Especial;1/06/2000;249032
10 Easy Lessons Blues Harmonica (2003 w/ Booklet);Music, Books & Business;Descontinuada;4:03;62825,00;No Clasificado;2003;Inter�s Especial;7/01/2003;131254
10 Easy Lessons Classical Guitar (w/ Booklet);Music, Books & Business;Descontinuada;4:03;62825,00;No Clasificado;N.A;Inter�s Especial;7/01/2003;131329
10 Easy Lessons Drums (w/ Booklet);Music, Books & Business;Descontinuada;4:03;62825,00;No Clasificado;N.A;Inter�s Especial;7/01/2003;131271
10 Easy Lessons Fingerpicking Guitar (w/ Booklet);Music, Books & Business;Descontinuada;4:03;69825,00;No Clasificado;N.A;Inter�s Especial;7/01/2003;131229
10 Easy Lessons Flute (w/ Booklet);Music, Books & Business;Descontinuada;4:03;62825,00;No Clasificado;N.A;Inter�s Especial;7/01/2003;131355
10 Easy Lessons Guitar (w/ Booklet);Music, Books & Business;Descontinuada;4:03;62825,00;No Clasificado;N.A;Inter�s Especial;1/01/2000;131359
10 Easy Lessons Guitar Chords (w/ Booklet);Music, Books & Business;Descontinuada;4:03;62825,00;No Clasificado;N.A;Inter�s Especial;7/01/2003;131369
10 Easy Lessons Guitar Young Beginner (Book w/ DVD);10 Easy Lessons;Fuera;4:03;69825,00;No Clasificado;2000;Inter�s Especial;1/06/2000;260718
10 Easy Lessons Harmonica (Book w/ DVD);10 Easy Lessons;Fuera;4:03;69825,00;No Clasificado;2000;Inter�s Especial;1/06/2000;260738
10 Easy Lessons Harmonica (w/ Booklet);Music, Books & Business;Descontinuada;4:03;62825,00;No Clasificado;N.A;Inter�s Especial;7/01/2003;131262
10 Easy Lessons Keyboard (w/ Booklet);Music, Books & Business;Descontinuada;4:03;62825,00;No Clasificado;N.A;Inter�s Especial;7/01/2003;131249
10 Easy Lessons Lead Guitar (w/ Booklet);Music, Books & Business;Descontinuada;4:03;62825,00;No Clasificado;N.A;Inter�s Especial;7/01/2003;131236
10 Easy Lessons Lead Guitar: Teach Yourself (Book w/ DVD);10 Easy Lessons;Descontinuada;4:03;69825,00;No Clasificado;2000;Inter�s Especial;1/06/2000;260711
10 Easy Lessons Learn To Play Drums (Book w/ DVD);10 Easy Lessons;Fuera;4:03;69825,00;No Clasificado;2005;Inter�s Especial;1/01/2005;260710
10 Easy Lessons Learn To Play Rhythm Guitar (Book w/ DVD);10 Easy Lessons;Fuera;4:03;69825,00;No Clasificado;2000;Inter�s Especial;1/06/2000;260699
10 Easy Lessons Piano (w/ Booklet);Music, Books & Business;Descontinuada;4:03;62825,00;No Clasificado;N.A;Inter�s Especial;7/01/2003;131339
10 Easy Lessons Recorder (Book w/ DVD);10 Easy Lessons;Fuera;4:03;69825,00;No Clasificado;2000;Inter�s Especial;1/06/2000;260692
10 Easy Lessons Recorder (w/ Booklet);10 Easy Lessons;Fuera;4:03;62825,00;No Clasificado;2003;Inter�s Especial;7/01/2003;260680
10 Easy Lessons Recorder DVD With Booklet In Case;Music, Books & Business;Descontinuada;4:03;62825,00;No Clasificado;N.A;Inter�s Especial;7/01/2003;131266
10 Easy Lessons Rhythm Guitar (w/ Booklet);Music, Books & Business;Descontinuada;4:03;62825,00;No Clasificado;N.A;Inter�s Especial;7/01/2003;131222
10 Easy Lessons Rock Bass (w/ Booklet);Music, Books & Business;Descontinuada;4:03;62825,00;No Clasificado;N.A;Inter�s Especial;7/01/2003;131292
10 Easy Lessons Rock Guitar (w/ Booklet);Music, Books & Business;Descontinuada;4:03;62825,00;No Clasificado;N.A;Inter�s Especial;7/01/2003;131362
10 Easy Lessons Saxophone (w/ Booklet);Music, Books & Business;Descontinuada;4:03;62825,00;No Clasificado;N.A;Inter�s Especial;7/01/2003;131356
10 Easy Lessons Sing (Book w/ DVD);10 Easy Lessons;Fuera;4:03;69825,00;No Clasificado;2000;Inter�s Especial;1/06/2000;260689
10 Easy Lessons Singing (w/ Booklet);Music, Books & Business;Descontinuada;4:03;62825,00;No Clasificado;N.A;Inter�s Especial;7/01/2003;131312
10 Easy Lessons Slap Bass (w/ Booklet);Music, Books & Business;Descontinuada;4:03;62825,00;No Clasificado;N.A;Inter�s Especial;7/01/2003;131233
10 Easy Lessons Teach Yourself Rock Bass (Book w/ DVD);Latinbooks International;Fuera;4:03;69825,00;No Clasificado;2001;Inter�s Especial;1/06/2001;212980
10 Easy Lessons Teacher Yourself Piano (Book w/ DVD);10 Easy Lessons;Fuera;4:03;69825,00;No Clasificado;2003;Inter�s Especial;1/06/2003;260713
10 Essential Tools Of Caregiving;Aquarius Health Care Media;Descontinuada;4:03;507500,00;No Clasificado;N.A;Inter�s Especial;30/05/2006;236376
10 Essential Tools Of Caregiving (Old Version);Aquarius Health Care Media;Descontinuada;4:03;507500,00;No Clasificado;N.A;Inter�s Especial;8/11/2005;159123
10 Faces Of Sonny Chiba: 10 Movie Set: Street Fighter / Legend Of The Eight Samurai / Return Of The Street Fighter / ...;BCI Eclipse / Brentwood;Descontinuada;4:03;69930,00;P�blico General;N.A;Acci�n/Aventura;25/06/2002;18291
10 Festive Christmas Cards For The Busy Crafter;Annie's Attic;Fuera;4:03;69965,00;No Clasificado;2015;Inter�s Especial;26/09/2015;282744
10 Film Action Pack, Vol. 3: L.A. Street Fighters / Ring Of Fire 3: Lion Strike / Laser Mission / Jackie Chan's Project A / ...;Echo Bridge;Fuera;4:03;52465,00;P�blico General;N.A;Acci�n/Aventura;9/04/2013;241555
10 Film Kid's Holiday Collector Set;Echo Bridge;Descontinuada;4:03;52465,00;No Clasificado;N.A;Familia;4/10/2011;214384
10 Gadgets That Changed The World (A&E Direct/ On Demand DVD-R);A&E Video;Fuera;4:03;87430,00;No Clasificado;2011;Documental;27/12/2012;240715
10 Grams: Cocaine Wars;Sector 5 Films;Fuera;LBX, 16:9;69965,00;No Clasificado;2014;Acci�n/Aventura;14/04/2015;275149
10 Great Dates Combo Pack (Book w/ DVD);Zondervan;Fuera;4:03;150430,00;No Clasificado;N.A;Inter�s Especial;1/09/2006;151817
10 Great Dates To Energize Your Marriage;Zondervan;Fuera;4:03;104965,00;No Clasificado;N.A;Inter�s Especial;23/09/2005;156748
10 Great Dates To Energize Your Marriage: The Best Tips From The Marriage Alive Seminars;Zondervan;Fuera;4:03;104965,00;No Clasificado;2005;Inter�s Especial;1/10/2005;244373
10 Great Drama DVD Films: On The Streets Of L.A. / Jack Reed: One Of Our Own / Mike Hammer: A New Leaf / ...;Tango Entertainment;Descontinuada;4:03;69930,00;No Clasificado;N.A;Drama;30/05/2006;83970
10 Items Or Less;First Look;Fuera;4:03;27965,00;P�blico General;2006;Comedia;24/04/2007;103551
10 Items Or Less (TV Series): Complete 1st & 2nd Seasons;Sony Pictures;Fuera;LBX, 16:9;69965,00;No Clasificado;2006;TV Classics;27/12/2008;142212
10 Items Or Less (TV Series): The Complete 3rd Season;Sony Pictures;Fuera;4:03;108465,00;No Clasificado;2009;TV Classics;15/05/2012;226087
10 Lifesaving Principles For Women In Difficult Marriages: Small Group Edition (w/ Book);Beacon Hill Press;Cancelada;4:03;104965,00;No Clasificado;2013;Inter�s Especial;1/07/2013;241735
10 Magnificent Killers;Ground Zero;Descontinuada;4:03;52325,00;No Clasificado;1977;Acci�n/Comedia;18/12/2001;12314
10 Min Solution: Yoga For Beginners;Anchor Bay;Fuera;4:03;59430,00;No Clasificado;2008;Deportes;12/06/2008;217267
10 Mintue Solution: High Intensity Interval Training;Anchor Bay;Fuera;LBX, 16:9;52430,00;No Clasificado;2013;Deportes;3/09/2013;248880
10 Minute CBT In Primary Care: Health Anxiety And Medically Unexplained Symptoms;Scion Publishing;Fuera;4:03;157500,00;No Clasificado;2014;Inter�s Especial;5/02/2014;260543
10 Minute CBT In Primary Care: Mental Health;Scion Publishing;Fuera;4:03;157500,00;No Clasificado;2011;Inter�s Especial;5/02/2014;211902
10 Minute CBT In Primary Care: Physical Health And Long-Term Conditions;Scion Publishing;Fuera;4:03;157500,00;No Clasificado;2010;Inter�s Especial;1/04/2010;218433
10 Minute Solution;Anchor Bay;Fuera;4:03;52430,00;No Clasificado;1999;Deportes;5/02/2002;15593
10 Minute Solution Best Belly Blasters;Anchor Bay;Fuera;LBX, 16:9;52430,00;No Clasificado;2011;Deportes;6/09/2011;210484
10 Minute Solution Cardio Hip Hop;Anchor Bay;Descontinuada;LBX, 16:9;52430,00;No Clasificado;2012;Deportes;4/12/2012;234357
10 Minute Solution: Belly, Butt And Thigh Blasters With Sculpting Loop;Anchor Bay;Fuera;4:03;59430,00;No Clasificado;N.A;Deportes;8/09/2009;163208
10 Minute Solution: Best Belly Blasters (Susan G. Komen Edition);Anchor Bay;Descontinuada;LBX, 16:9;52430,00;No Clasificado;2011;Deportes;27/09/2011;224800
10 Minute Solution: Blast Off Belly Fat;Anchor Bay;Fuera;4:03;52430,00;No Clasificado;2006;Deportes;6/02/2007;101110
10 Minute Solution: Blast Off Belly Fat (Special Edition);Anchor Bay;Fuera;4:03;52430,00;No Clasificado;2006;Deportes;26/12/2007;126569
10 Minute Solution: Blast Off The Belly Fat;Anchor Bay;Descontinuada;4:03;52430,00;No Clasificado;2007;Deportes;26/12/2007;217474
10 Minute Solution: Butt Lift;Anchor Bay;Fuera;LBX, 16:9;52430,00;No Clasificado;2013;Deportes;1/10/2013;250429
10 Minute Solution: Carb Burner;Anchor Bay;Fuera;4:03;52430,00;No Clasificado;N.A;Deportes;8/02/2005;54129
10 Minute Solution: Dance & Tone Kit;Anchor Bay / Starz;Descontinuada;4:03;69895,00;No Clasificado;N.A;Deportes;4/12/2007;122378
10 Minute Solution: Dance It Off & Tone It Up;Anchor Bay / Starz;Fuera;4:03;59430,00;No Clasificado;N.A;Deportes;16/10/2007;117916
10 Minute Solution: Dance It Off & Tone It Up 2010;Anchor Bay;Descontinuada;4:03;69930,00;No Clasificado;N.A;Deportes;7/05/2013;246525
10 Minute Solution: Dance Off Fat Fast;Anchor Bay;Fuera;4:03;52430,00;No Clasificado;N.A;Deportes;5/08/2008;138456
10 Minute Solution: Dance Off Fat Fast (w/ Magazine Offer);Anchor Bay;Fuera;4:03;52430,00;No Clasificado;N.A;Deportes;2/12/2008;149356
10 Minute Solution: Dance Your Body Thin;Anchor Bay;Fuera;4:03;52430,00;No Clasificado;N.A;Deportes;1/02/2011;192802
10 Minute Solution: Fat Blasting Dance Mix;Anchor Bay;Fuera;4:03;52430,00;No Clasificado;2006;Deportes;5/09/2006;89701
10 Minute Solution: Fat Blasting Dance Mix (Special Edition);Anchor Bay;Fuera;4:03;52430,00;No Clasificado;2006;Deportes;26/12/2007;126568
10 Minute Solution: Fat Blasting Dance Mix Ped;Anchor Bay;Descontinuada;4:03;52430,00;No Clasificado;2006;Deportes;12/12/2006;217341
10 Minute Solution: Fat Blasting Latin Dance Mix;Anchor Bay;Fuera;4:03;52430,00;No Clasificado;N.A;Deportes;5/02/2008;126565
10 Minute Solution: Fat Blasting Latin Dance Mix (Special Edition);Anchor Bay;Fuera;4:03;52430,00;No Clasificado;N.A;Deportes;26/12/2007;126578
10 Minute Solution: Fitness Ball Kit;Anchor Bay;Fuera;4:03;104930,00;No Clasificado;N.A;Deportes;26/12/2006;96061
10 Minute Solution: Fitness Ball Workout;Anchor Bay;Descontinuada;4:03;52430,00;No Clasificado;2006;Deportes;5/09/2006;89677
10 Minute Solution: Five Day Get Fit Mix;Anchor Bay;Fuera;4:03;52430,00;No Clasificado;N.A;Deportes;8/09/2009;163188
10 Minute Solution: Hip Hop Dance Mix;Anchor Bay;Fuera;4:03;52430,00;No Clasificado;N.A;Deportes;4/08/2009;161277
10 Minute Solution: Hot Body Boot Camp;Anchor Bay;Descontinuada;4:03;52430,00;No Clasificado;N.A;Deportes;5/08/2008;138386
10 Minute Solution: Kettle Bell Ultimate Fat Burner;Anchor Bay;Fuera;4:03;52430,00;No Clasificado;N.A;Deportes;2/12/2008;145256
10 Minute Solution: Kickboxing Bootcamp;Anchor Bay;Fuera;4:03;52430,00;No Clasificado;N.A;Deportes;6/09/2005;67448
10 Minute Solution: Knockout Body Workout;Anchor Bay;Fuera;4:03;52430,00;No Clasificado;N.A;Deportes;5/10/2010;186209
10 Minute Solution: Knockout Body Workout (Kit w/Weighted Gloves);Anchor Bay;Descontinuada;4:03;87395,00;No Clasificado;N.A;Deportes;28/04/2009;224692
10 Minute Solution: Pilates;Anchor Bay;Fuera;4:03;34930,00;No Clasificado;2004;Deportes;21/09/2004;47805
10 Minute Solution: Pilates For Beginners (SGK);Anchor Bay;Descontinuada;4:03;52430,00;No Clasificado;N.A;Deportes;5/10/2010;187377
10 Minute Solution: Pilates Mat Kit;Anchor Bay;Fuera;4:03;104930,00;No Clasificado;2006;Deportes;26/12/2006;99258
10 Minute Solution: Pilates On The Ball;Anchor Bay;Fuera;4:03;52430,00;No Clasificado;N.A;Deportes;6/05/2008;131052
10 Minute Solution: Pilates Perfect Body;Anchor Bay;Fuera;4:03;52430,00;No Clasificado;N.A;Deportes;9/09/2008;139070
10 Minute Solution: Prenatal Pilates;Anchor Bay / Starz;Fuera;4:03;52430,00;No Clasificado;N.A;Deportes;7/08/2007;113811
10 Minute Solution: Quick Tummy Toners;Anchor Bay;Fuera;4:03;52430,00;No Clasificado;N.A;Deportes;9/09/2008;139092
10 Minute Solution: Quick Tummy Toners (w/ Magazine Offer);Anchor Bay;Fuera;4:03;52430,00;No Clasificado;N.A;Deportes;2/12/2008;149362
10 Minute Solution: Rapid Results Fat Burner;Anchor Bay;Fuera;4:03;52430,00;No Clasificado;2010;Deportes;3/08/2010;182120
10 Minute Solution: Rapid Results Pilates;Anchor Bay;Fuera;4:03;52430,00;No Clasificado;2006;Deportes;5/09/2006;89703
10 Minute Solution: Rapid Results Pilates (Special Edition);Anchor Bay;Fuera;4:03;52430,00;No Clasificado;2006;Deportes;26/12/2007;126583
10 Minute Solution: Sculpt, Tone & Reshape Kit (w/ Figure 8's);Anchor Bay;Fuera;4:03;87430,00;No Clasificado;N.A;Deportes;2/09/2008;254994
10 Minute Solution: Slim & Sculpt Pilates;Anchor Bay / Starz;Fuera;4:03;59430,00;No Clasificado;N.A;Deportes;4/09/2007;114627
10 Minute Solution: Target Toning;Anchor Bay;Descontinuada;4:03;34930,00;No Clasificado;2004;Deportes;21/09/2004;47811
10 Minute Solution: Tighten & Tone Pilates;Anchor Bay;Fuera;LBX, 16:9;59430,00;No Clasificado;N.A;Deportes;2/10/2012;231970
10 Minute Solution: Tone Trouble Zones;Anchor Bay;Fuera;LBX, 16:9;59430,00;No Clasificado;2007;Deportes;4/10/2011;211750
10 Minute Solution: Tone Trouble Zones (Old Version);Anchor Bay / Starz;Descontinuada;4:03;59430,00;No Clasificado;2007;Deportes;7/08/2007;113784
10 Minute Solution: Ultimate Bootcamp;Anchor Bay;Fuera;4:03;52430,00;No Clasificado;2010;Deportes;6/04/2010;175210
10 Minute Solution: Yoga;Anchor Bay;Fuera;4:03;52430,00;No Clasificado;N.A;Deportes;6/09/2005;67457
10 Minute Solutions: Dance Off Belly Fat;Anchor Bay;Fuera;4:03;52430,00;No Clasificado;N.A;Deportes;28/04/2009;153897
10 Minute Solutions: Pilates For Beginners;Anchor Bay;Fuera;4:03;52430,00;No Clasificado;N.A;Deportes;7/09/2010;184526
10 Minutes To Ogikubo Station;Asian Man Records;Descontinuada;4:03;45430,00;No Clasificado;N.A;M�sica;24/05/2005;63861
10 Most Evil Serial Killers;Reality Entertainment;Fuera;LBX, 16:9;69965,00;No Clasificado;2015;Documental;15/09/2015;281767
10 Most Important Things To Know When Selling Your Business With David Baer Of Ruberto, Israel & Weiner, P.C.;ExecSense;Fuera;4:03;349825,00;No Clasificado;2006;Inter�s Especial;1/09/2006;273524
10 Movie Action Pack (2-Disc);Echo Bridge;Descontinuada;LBX, 16:9;52465,00;P�blico General;N.A;Acci�n/Aventura;6/09/2011;211789
10 Movie Action Pack (2-Disc): Men Of War / Artie Lange's Beer League / Bachelor Party In The Bungalow Of The Damned / ...;Echo Bridge;Descontinuada;LBX, 16:9;52465,00;P�blico General;N.A;Varios;6/09/2011;211788
10 Movie Action Pack, Vol. 2;Echo Bridge;Descontinuada;4:03;52465,00;No Clasificado;N.A;Acci�n/Aventura;1/11/2011;215529
10 Movie Childrens Holiday Collection;Echo Bridge;Fuera;4:03;24465,00;No Clasificado;N.A;Familia;8/11/2011;215489
10 Movie Dog Lovers Collection: Puppy Love / The Retrievers / Miracle Dogs / Aussie & Ted's Great Adventure / ...;Gaiam;Descontinuada;VAR;24325,00;No Clasificado;N.A;Familia;26/08/2013;254500
10 Movie Fairytale Collection: Camelot / The Canterville Ghost / The Emperor's New Clothes / Frank Enstein / ...;Genius Products;Fuera;4:03;24325,00;No Clasificado;N.A;Animada;14/10/2014;267301
10 Movie Faith & Family Holiday Pack: Christmas Shoes / Christmas Blessing / Christmas Hope / Christmas Box / ...;Gaiam;Fuera;LBX, 16:9;104755,00;No Clasificado;N.A;Familia;15/10/2013;249977
10 Movie Family & Romance Holiday Collection: Holiday Engagement / Holiday Baggage / Christmas In Canaan / ...;Genius Products;Fuera;LBX, 16:9;104755,00;No Clasificado;N.A;Varios;14/10/2014;267299
10 Movie Family Adventure, Vol. 2;Echo Bridge;Descontinuada;4:03;52465,00;No Clasificado;N.A;Familia;1/11/2011;215544
10 Movie Family Collection;GoodTimes Media;Descontinuada;LBX, 16:9;24325,00;No Clasificado;N.A;Familia;5/03/2013;238136
10 Movie Family Fun Holiday Pack: Golden Christmas / A Golden Christmas: The Second Tail / The Santa Incident / Santa Trap / ...;Gaiam;Descontinuada;VAR;104755,00;No Clasificado;N.A;Familia;15/10/2013;249970
10 Movie Holiday Romance Pack: Christmas Kiss / Holiday Engagement / The Most Wonderful Time Of The Year / ...;Gaiam;Fuera;VAR;104755,00;P�blico General;N.A;Drama;15/10/2013;249983
10 Movie Kids Pack, Vol. 4 (2-Disc);Echo Bridge;Descontinuada;4:03;52465,00;No Clasificado;N.A;Familia;6/09/2011;211809
10 Movie Mystery Pack (2-Disc): People I Know / American Gun / Frame Of Mind / The Rendering / My Husband's Double Life / ...;Echo Bridge;Descontinuada;LBX, 16:9;52465,00;P�blico General;N.A;Suspenso/Miedo;6/09/2011;211819
10 Movie Princess Collection 2: Aanastasia / Beauty And The Beast / Cinderella / Goldilocks And The Three Bears / ...;Genius Products;Fuera;4:03;20895,00;No Clasificado;N.A;Animada;14/10/2014;267313
10 Movie Princess Collection: The Little Mermaid / Cinderella / Snow White / Sleeping Beauty /...;Genius Products;Fuera;4:03;20895,00;P�blico General;N.A;Familia;6/05/2014;263042
10 Movie Princess Collection: The Little Mermaid / Cinderella / Snow White / Sleeping Beauty /... (Old Version);GoodTimes Media;Descontinuada;4:03;24325,00;P�blico General;N.A;Familia;5/03/2013;238150
10 Movie Sci-Fi Pack (2-Disc): eXistenz / Adrenalin: Fear The Rush / Final Encounter / War Of The Worlds 2: The Next Wave / ...;Echo Bridge;Descontinuada;LBX, 16:9;52465,00;P�blico General;N.A;SciFi;6/09/2011;211835
10 Movies For The Whole Family: Huckleberry Finn (1975) / Fury: The King Of The Wild Stallions / The Proud Rebel / ...;Echo Bridge;Fuera;4:03;52465,00;No Clasificado;N.A;Familia;9/09/2014;266534
10 MPH: Seattle To Boston;Spinning Blue;Fuera;4:03;69930,00;No Clasificado;2007;Documental;29/05/2007;109264
10 Peliculas: Pura Comedia!;BCI Eclipse / Brentwood;Descontinuada;4:03;52430,00;No Clasificado;N.A;Interculturales;26/08/2008;137711
10 Peliculas: Que Drama!;BCI Eclipse / Brentwood;Descontinuada;4:03;52430,00;No Clasificado;N.A;Interculturales;26/08/2008;137747
10 Peliculas: Solo Accion!;BCI Eclipse / Brentwood;Descontinuada;4:03;52430,00;No Clasificado;N.A;Interculturales;9/09/2008;137735
10 Pounds Down With Jessica Smith;Gaiam;Fuera;LBX, 16:9;52430,00;No Clasificado;2012;Deportes;4/12/2012;234211
10 Pounds Down With Jessica Smith: 2 Workout Set;Mill Creek Entertainment;Fuera;4:03;34930,00;No Clasificado;N.A;Deportes;7/01/2014;256337
10 Qi Gong (Qigong) Exercises: Produced By Franklin Fick;CustomFlix;Fuera;4:03;87500,00;No Clasificado;N.A;Inter�s Especial;1/01/2004;89583
10 Questions For The Dalai Lama;Monterey;Fuera;4:03;87325,00;No Clasificado;2006;Documental;23/10/2007;116617
10 Reasons Why Parents Abuse;Aquarius Health Care Media;Descontinuada;4:03;507500,00;No Clasificado;N.A;Inter�s Especial;6/12/2005;159124
10 Rillington Place (On Demand DVD-R);Sony Pictures;Fuera;4:03;73325,00;P�blico General;1971;Drama;13/04/2011;215537
10 Rules For Sleeping Around (FilmRise/ Blu-ray/ On Demand DVD-R);FilmRise;Fuera;LBX, 16:9, BLU-RAY;41965,00;P�blico General;2013;Comedia;17/11/2015;285754
10 Rules For Sleeping Around (Screen Media Films);Screen Media Films;Fuera;LBX, 16:9;52255,00;P�blico General;2013;Comedia;2/09/2014;263543
10 Sci-Fi Action Movies;Echo Bridge;Fuera;4:03;52465,00;P�blico General;N.A;SciFi;2/07/2013;247061
10 Secrets For Success & Inner Peace: Dr. Wayne W. Dyer;Hay House;Descontinuada;4:03;69825,00;No Clasificado;N.A;Inter�s Especial;6/02/2007;94735
10 Secrets For Success And Inner Peace;Hay House;Fuera;4:03;69825,00;No Clasificado;2007;Inter�s Especial;1/02/2007;198552
10 Secrets To Great Sex;Sinclair Intimacy Institute;Fuera;4:03;87325,00;No Clasificado;N.A;Er�ticas;1/01/2000;58870
10 Segundos;DistriMax;Descontinuada;4:03;20965,00;No Clasificado;N.A;Interculturales;31/07/2007;106042
10 Segundos Y A Los Picos;Producciones Albaran B&M;Descontinuada;4:03;34825,00;No Clasificado;N.A;Interculturales;16/12/2003;37909
10 Steps To A Perfect Retirement Portfolio (2-Disc Set);Tapeworm;Fuera;4:03;209825,00;No Clasificado;N.A;Inter�s Especial;23/09/2003;34886
10 Things I Hate About You (1999);Buena Vista;Descontinuada;LBX;52465,00;Apta para menores de 13;1999;Comedia;12/10/1999;3
10 Things I Hate About You (1999) / Romy And Michele's High School Reunion;Buena Vista;Descontinuada;LBX;139965,00;P�blico General;N.A;Comedia;18/12/2001;13108
10 Things I Hate About You (1999/ 10th Anniversary Edition w/ Digital Copy);Buena Vista;Descontinuada;LBX, 16:9;69965,00;Apta para menores de 13;1999;Comedia;5/01/2010;169655
10 Things I Hate About You (1999/ 10th Anniversary Edition);Buena Vista;Fuera;LBX, 16:9;34965,00;Apta para menores de 13;1999;Comedia;2/11/2010;190334
10 Things I Hate About You (1999/ 10th Anniversary Edition/ Blu-ray w/ Digital Copy);Buena Vista;Fuera;LBX, 16:9, BLU-RAY;52465,00;Apta para menores de 13;1999;Comedia;5/01/2010;169676
10 Things I Hate About You (2009), Vol. 1;Buena Vista;Fuera;LBX, 16:9;52465,00;No Clasificado;2009;TV Classics;12/01/2010;169931
10 Things You Don't Know About: Abraham Lincoln (A&E Direct/ On Demand DVD-R);A&E Video;Fuera;4:03;87430,00;No Clasificado;2012;Documental;27/12/2012;240697
10 Things You Don't Know About: Adolf Hitler (A&E Direct/ On Demand DVD-R);A&E Video;Fuera;4:03;87430,00;No Clasificado;2012;Documental;27/12/2012;240690
10 Things You Don't Know About: Benjamin Franklin (A&E Direct/ On Demand DVD-R);A&E Video;Fuera;4:03;87430,00;No Clasificado;2012;Documental;27/12/2012;240706
10 Things You Don't Know About: J Edgar Hoover (A&E Direct/ On Demand DVD-R);A&E Video;Fuera;4:03;87430,00;No Clasificado;2012;Documental;27/12/2012;240720
10 Things You Don't Know About: John F Kennedy (A&E Direct/ On Demand DVD-R);A&E Video;Fuera;4:03;87430,00;No Clasificado;2012;Documental;27/12/2012;240718
10 Things You Don't Know About: The Roosevelts (A&E Direct/ On Demand DVD-R);A&E Video;Fuera;4:03;87430,00;No Clasificado;2012;Documental;27/12/2012;240717
10 Things You Should Know About Sleep;Films Media Group;Fuera;4:03;594825,00;No Clasificado;N.A;Documental;5/11/2009;176376
10 Tigers From Shaolin;Ground Zero;Descontinuada;4:03;52325,00;P�blico General;1979;Acci�n/Aventura;18/09/2001;12815
10 To Midnight (Diamond Entertainment) / The Mechanic;Diamond Entertainment;Descontinuada;LBX;55930,00;P�blico General;N.A;Acci�n/Aventura;22/11/2011;216822
10 To Midnight (MGM/UA);MGM/UA;Descontinuada;LBX;52430,00;P�blico General;1983;Acci�n/Aventura;4/02/2003;24947
10 Tokyo Warriors (Episode 1-6);Anime Works;Descontinuada;4:03;139860,00;Apta para mayores de 13;N.A;Anime;24/02/2004;37837
10 Top Capture Techniques;Beauty Media;Descontinuada;4:03;52465,00;No Clasificado;N.A;Inter�s Especial;1/05/2008;147150
10 Videos Nortenos, Vol. 1;Disa Records;Descontinuada;4:03;38430,00;No Clasificado;N.A;M�sica;22/03/2005;60659
10 Videos Nortenos, Vol. 2;Disa Records;Descontinuada;4:03;38430,00;No Clasificado;N.A;M�sica;12/04/2005;62518
10 Videos Romanticos, Vol. 1;Disa Records;Descontinuada;4:03;31430,00;No Clasificado;N.A;M�sica;11/01/2005;56172
10 Videos Romanticos, Vol. 2;Disa Records;Descontinuada;4:03;38430,00;No Clasificado;N.A;M�sica;25/01/2005;57292
10 Violent Women (Alpha Video);Alpha Video;Fuera;4:03;27930,00;No Clasificado;1982;Acci�n/Aventura;27/03/2007;103940
10 Violent Women (Image/ Special Edition);Image;Descontinuada;4:03;87465,00;No Clasificado;1982;Acci�n/Aventura;27/11/2001;13603
10 Yards: Fantasy Football;Spinning Blue;Fuera;4:03;38430,00;No Clasificado;2008;Documental;30/09/2008;144512
10 Year Plan;Cinema 175;Fuera;LBX, 16:9;87325,00;No Clasificado;2014;Comedia;2/06/2015;279649
10 Years;Anchor Bay;Fuera;LBX, 16:9;52430,00;Apta para menores de 13;2011;Comedia;18/12/2012;235470
10 Years (Blu-ray);Anchor Bay;Fuera;LBX, 16:9, BLU-RAY;69965,00;Apta para menores de 13;2011;Comedia;18/12/2012;235512
10 Years (Blu-ray) / Open Road (2009/ Blu-ray);Anchor Bay;Fuera;LBX, 16:9, BLU-RAY;69965,00;Apta para menores de 13;N.A;Comedia;12/05/2015;277970
10 Years Later;Indican Pictures;Fuera;LBX, 16:9;87465,00;No Clasificado;2010;Comedia;4/09/2012;231073
10 Years Of Rialto Pictures (10-Disc): Army Of Shadows / Au Hasard Balthazar / Band Of Outsiders / Billy Liar / ...;Criterion Collection;Descontinuada;VAR;524825,00;No Clasificado;N.A;Varios;28/10/2008;141420
10 Years Of Skateboarding;Rhino;Fuera;4:03;69825,00;No Clasificado;N.A;Inter�s Especial;22/06/2004;43039
10,000 B.C.;Warner Brothers;Fuera;4:3 P&S, LBX, 16:9;20895,00;Apta para menores de 13;2008;Acci�n/Aventura;22/09/2009;166540
10,000 B.C. (Blu-ray w/ Movie Cash);Warner Brothers;Descontinuada;LBX, 16:9, BLU-RAY;52395,00;Apta para menores de 13;2008;Acci�n/Aventura;4/02/2014;257426
10,000 B.C. (Blu-ray);Warner Brothers;Fuera;LBX, 16:9, BLU-RAY;34930,00;Apta para menores de 13;2008;Acci�n/Aventura;24/06/2008;136034
10,000 B.C. (Old Version);Warner Brothers;Fuera;4:3 P&S, LBX, 16:9;20895,00;Apta para menores de 13;2008;Acci�n/Aventura;24/06/2008;136038
10,000 B.C. (w/ Movie Cash);Warner Brothers;Descontinuada;LBX, 16:9;20895,00;Apta para menores de 13;2008;Acci�n/Aventura;4/02/2014;257434
10,000 B.C. / National Geographic: Prehistoric Predators;Warner Brothers;Descontinuada;4:3 P&S, LBX, 16:9;115290,00;P�blico General;N.A;Varios;9/12/2008;148608
10,000 Black Men Named George;Paramount;Fuera;4:03;52465,00;P�blico General;2002;Drama;12/08/2003;31982
10,000 Black Men Named George (Checkpoint);Paramount;Fuera;4:03;104965,00;P�blico General;2002;Drama;12/08/2003;56958
10,000 Days;ARC Entertainment;Fuera;LBX, 16:9;73465,00;No Clasificado;2014;SciFi;3/11/2015;283269
10,000 Dollars Blood Money (On Demand DVD-R);Desert Island Films;Fuera;LBX, 16:9;45465,00;No Clasificado;1967;Oeste;9/10/2015;284898
10,000 Km;Broad Green Pictures;Pendiente;LBX, 16:9;94465,00;P�blico General;2014;Interculturales;8/03/2016;286695
10,000 Maniacs: Time Capsule;Rhino;Fuera;4:03;48965,00;No Clasificado;1990;M�sica;6/07/2004;44253
10,000 More Ways To Die: Spaghetti Western Film Collection: Seven Devils On Horseback / 7 Hours Of Gunfire / Ride And Kill / ...;Mill Creek Entertainment;Fuera;4:03;34930,00;P�blico General;N.A;Oeste;24/07/2012;228941
10,000 Saints;Screen Media Films;Fuera;LBX, 16:9;52255,00;P�blico General;2015;Comedia;6/10/2015;282008
10,000 Saints (Blu-ray);Screen Media Films;Fuera;LBX, 16:9, BLU-RAY;69895,00;P�blico General;2015;Comedia;6/10/2015;281990
10,000 Ways To Die: Spaghetti Western Film Collection;Mill Creek Entertainment;Fuera;4:03;34930,00;No Clasificado;N.A;Oeste;12/10/2010;188742
oct-20;Drummond & Smith Entertainment;Descontinuada;LBX;69965,00;No Clasificado;2010;Drama;19/10/2010;184655
10-Big Box Of Family Movies, Vol. 2;Echo Bridge;Fuera;4:03;52465,00;P�blico General;N.A;Familia;4/08/2015;279722
10-Film Action Pack, Vol. 6: The President's Man / The President's Man 2: A Line In The Sand / Logan's War: Bound By Honor / ...;Echo Bridge;Fuera;VAR;52465,00;No Clasificado;N.A;Acci�n/Aventura;9/09/2014;266510
10-Film Alaska Adventure Collection;Echo Bridge;Pendiente;4:03;52465,00;No Clasificado;N.A;Familia;2/02/2016;285987
10-Film Classic Horror Classics: The Ape / The Wasp Women / Werewolf In A Girls' Dormitory / The She-Beast / Killer Shrews / ...;Echo Bridge;Fuera;4:03;52465,00;No Clasificado;N.A;Horror;8/10/2013;250159
10-Film Critically Acclaimed Actors;Echo Bridge;Fuera;4:03;52465,00;P�blico General;N.A;Acci�n/Aventura;4/08/2015;279726
10-Film Explosive Action, Vol. 7: Ed McBain's 87th Precinct: Ice / A Father's Revenge / The Sweeper / The Spy Killer / ...;Echo Bridge;Fuera;4:03;52465,00;No Clasificado;N.A;Varios;9/09/2014;266493
10-Film Extreme Fighting Collector's Set: Fist Of Honor / Maximum Cage Fighting / East L.A. Warriors / Forced To Kill / ...;Echo Bridge;Fuera;4:03;52465,00;P�blico General;N.A;Acci�n/Aventura;9/09/2014;266475
10-Film Family Adventure Pack (2-Disc): Snowbound / Baker's Hawk / Castle Rock / Lassie: The Painted Hills / River's End / ...;Echo Bridge;Descontinuada;4:03;52465,00;No Clasificado;N.A;Familia;3/07/2012;227822
10-Film Heat On The Street Collection: Attica / Once A Thief: Brother Against Brother / Albino Alligator / The Lookout / ...;Echo Bridge;Descontinuada;4:03;69965,00;P�blico General;N.A;Acci�n/Aventura;16/10/2012;231870
10-Film Horror Collection, Vol. 5;Echo Bridge;Descontinuada;4:3 P&S, LBX, 16:9;52465,00;No Clasificado;N.A;Horror;3/12/2013;253327
10-Film Horror Cult Classics Collection, Vol. 2: Beowulf (1999) / Seedpeople / The Ape Man / Attack Of The Giant Leeches / ...;Echo Bridge;Descontinuada;VAR;52465,00;P�blico General;N.A;Horror;5/02/2013;237612
10-Film Horror Cult Classics Collection: White Zombie / Devil Bat / The Bat / Last Man On Earth / House On Haunted Hill / ...;Echo Bridge;Fuera;4:03;34965,00;No Clasificado;N.A;Horror;21/08/2012;228559
10-Film Horror Pack, Vol. 1;Echo Bridge;Descontinuada;4:03;52465,00;P�blico General;N.A;Horror;5/06/2012;225777
10-Film Horror Pack, Vol. 2: The Fear Chamber (2009) / Curse Of The Wolf / The Legend Of Sorrow Creek /  Beneath Loch Ness / ...;Echo Bridge;Descontinuada;VAR;52465,00;P�blico General;N.A;Horror;13/08/2013;247332
10-Film Horror Pack, Vol. 3:  Secrets Of The Clown / In The Dead Of Winter / Dollman / Hell's Highway / Keepsake / ...;Echo Bridge;Descontinuada;VAR;52465,00;P�blico General;N.A;Horror;13/08/2013;247377
10-Film Midnight Horror Collection: Zombies: Hide And Creep / Zombie Dearest / Last Of The Living / ...;Echo Bridge;Descontinuada;VAR;52465,00;P�blico General;N.A;Horror;16/10/2012;231956
10-Film Western Collection;Echo Bridge;Fuera;4:03;52465,00;No Clasificado;N.A;Oeste;5/11/2013;251460
10-Films: Big Battle Of WWII, Vol. 1: France: Blitzkrieg / Britain / Desert: Sand, Sweat And Tears / Moscow / Stalingrad / ...;Echo Bridge;Fuera;4:03;34965,00;No Clasificado;N.A;Documental;14/02/2012;220164
10-Minute Primer Chinese Wushu (Book w/ DVD);Singing Dragon;Fuera;4:03;59325,00;No Clasificado;2014;Inter�s Especial;21/02/2014;254483
10-Minute Primer Qigong (Book w/ DVD);Singing Dragon;Fuera;4:03;59325,00;No Clasificado;2014;Inter�s Especial;21/02/2014;254460
10-Minute Primer Shaolin Quan (Book w/ DVD);Singing Dragon;Fuera;4:03;59325,00;No Clasificado;2014;Inter�s Especial;21/02/2014;254497
10-Minute Primer Tai Ji Quan (Book w/ DVD);Singing Dragon;Fuera;4:03;59325,00;No Clasificado;2014;Inter�s Especial;21/02/2014;262981
10-Movie Action Pack, Vol. 12: Once A Thief (1996) / Once A Thief: Family Business / Once A Thief: Brother Against Brother / ...;Echo Bridge;Fuera;4:03;52465,00;P�blico General;N.A;Acci�n/Aventura;9/09/2014;266463
10-Movie Action Pack, Vol. 4: Infinite Justice: The President's Plane Is Missing / Spenser: The Judas Goat / Ice / Booster / ...;Echo Bridge;Fuera;VAR;52465,00;P�blico General;N.A;Acci�n/Aventura;9/09/2014;266525
10-Movie Action Thriller, Vol. 2: Ed McBain's 87th Precinct: Ice / The Sweeper / A Father's Revenge / Evasive Action / ...;Echo Bridge;Fuera;4:03;52465,00;P�blico General;N.A;Varios;4/11/2014;269235
10-Movie Adventure, Vol. 3: Tom Alone / White Fang / Fury / Lost In The Barrens / The Wild Stallion / Little Kidnappers / ...;Echo Bridge;Descontinuada;4:03;52465,00;No Clasificado;N.A;Varios;3/12/2013;252794
10-Movie America's Favorite Country Stars: Is There Life Out There? / Baron And The Kid / Crazy / ...;Echo Bridge;Fuera;4:03;52465,00;No Clasificado;N.A;Drama;9/09/2014;266504
10-Movie Collection Featuring Brad Pitt: Too Young To Die? (1990) / The White Raven / Booster / Street Corner Justice / ...;Echo Bridge;Fuera;4:03;52465,00;P�blico General;N.A;Acci�n/Aventura;18/11/2014;269670
10-Movie Deadly Affairs;Echo Bridge;Descontinuada;4:03;52465,00;No Clasificado;N.A;Suspenso/Miedo;8/07/2014;263478
10-Movie Family Adventure Collection, Vol. 4: Wind Dancer / Young Pioneers / Castle Rock / Long Road Home / ...;Echo Bridge;Descontinuada;4:03;52465,00;P�blico General;N.A;Familia;9/09/2014;266542
10-Movie Family Adventure Collection, Vol. 5;Echo Bridge;Descontinuada;4:03;52465,00;No Clasificado;N.A;Familia;9/09/2014;266484
10-Movie Family Adventure Pack, Vol. 1;Echo Bridge;Descontinuada;4:03;52465,00;No Clasificado;N.A;Familia;2/08/2011;209104
10-Movie Family Collection, Vol. 5;Echo Bridge;Descontinuada;4:03;52465,00;No Clasificado;N.A;Familia;8/07/2014;263496
10-Movie Family Pack;Echo Bridge;Fuera;4:03;52465,00;No Clasificado;N.A;Familia;2/08/2011;209091
10-Movie Fantasy Adventure, Vol. 1;Echo Bridge;Descontinuada;4:03;52465,00;No Clasificado;N.A;Fantasia;9/09/2014;267197
10-Movie Horror Collection, Vol. 10: Trancers / Howling IV: The Original Nightmare / Prom Night / Puppet Master / ...;Echo Bridge;Descontinuada;4:03;52465,00;P�blico General;N.A;Horror;6/05/2014;260290
10-Movie Horror Collection, Vol. 6;Echo Bridge;Descontinuada;4:03;52465,00;No Clasificado;N.A;Horror;10/06/2014;261854
10-Movie Horror Collection, Vol. 9: Awaken The Dead / Grave Mistake / King Of The Zombies / White Zombie / Teenage Zombies / ...;Echo Bridge;Fuera;4:03;52465,00;No Clasificado;N.A;Horror;6/05/2014;260276
10-Movie Horror Pack, Vol. 1;Echo Bridge;Descontinuada;4:03;52465,00;P�blico General;N.A;Horror;5/06/2012;225798
10-Movie Kid's Pack, Vol. 3;Echo Bridge;Descontinuada;4:03;52465,00;No Clasificado;N.A;Familia;2/08/2011;209109
10-Movie Kids Pack (2-Disc);Echo Bridge;Descontinuada;4:03;52465,00;No Clasificado;N.A;Familia;5/04/2011;200122
10-Movie Man Cave Action & Martial Arts Pack: My Name Is Modesty / The Heroic Trio / Once A Thief / ...;Miramax Echo Bridge;Descontinuada;4:03;52465,00;No Clasificado;N.A;Acci�n/Aventura;14/08/2012;228544
10-Movie Man Cave Pack, Vol. 4: In Too Deep / Ed McBain's 87th Precinct: Lightning / Storm / Zero Tolerance / ...;Miramax Echo Bridge;Descontinuada;4:03;52465,00;No Clasificado;N.A;Acci�n/Aventura;14/08/2012;228504
10-Movie Mega Pack, Vol. 1: Comedian / Get Bruce! / The Station Agent / Committed / The Tall Guy / Runaway Daughters / ...;Miramax Echo Bridge;Descontinuada;VAR;52465,00;P�blico General;N.A;Varios;25/10/2011;214957
10-Movie Mega Pack, Vol. 2: Glory Daze / Love In Limbo / Tadpole / Next Stop, Wonderland / Last Of The HIgh Kings / ...;Miramax Echo Bridge;Descontinuada;LBX, 16:9;52465,00;No Clasificado;N.A;Varios;25/10/2011;214921
10-Movie Mega Pack, Vol. 3;Echo Bridge;Fuera;4:03;52465,00;No Clasificado;N.A;Drama;2/08/2011;209094
10-Movie Western Pack, Vol. 1;Echo Bridge;Fuera;4:03;52465,00;No Clasificado;N.A;Oeste;2/08/2011;209119
10-Movie Western Pack, Vol. 2;Echo Bridge;Fuera;4:03;52465,00;No Clasificado;N.A;Oeste;2/08/2011;209097
10.0 Earthquake;ARC Entertainment;Fuera;LBX, 16:9;73465,00;No Clasificado;2014;Acci�n/Aventura;4/08/2015;279656
10.5;Hallmark Entertainment;Descontinuada;4:03;34930,00;No Clasificado;2004;Acci�n/Aventura;24/08/2004;45138
10.5 (Alternate UPC);Hallmark Entertainment;Fuera;4:03;69930,00;No Clasificado;2004;Acci�n/Aventura;24/08/2004;76920
10.5 / Category 6: Day Of Destruction;Hallmark Entertainment;Descontinuada;4:03;52430,00;No Clasificado;N.A;Acci�n/Aventura;13/02/2007;101004
10.5 Apocalypse / Full Force Nature, Vol. 1;Echo Bridge;Descontinuada;VAR;24465,00;P�blico General;N.A;Varios;8/12/2009;172472
10.5: Apocalypse;Echo Bridge;Fuera;LBX, 16:9;24465,00;No Clasificado;2006;Acci�n/Aventura;1/08/2006;89041